erosion_int,area_ha,CT_t_ha1,MT_t_ha1,NT_t_ha1,grass_t_ha1
"[243,7.99e+03]",301.68,25.3620416666667,7.68433333333333,2.9815,0.165083333333333
"(7.99e+03,1.57e+04]",503.37,15.6148717948718,3.78771794871795,1.18241025641026,0.0585384615384615
"(1.57e+04,2.35e+04]",887.85,8.79605714285714,1.58097142857143,0.461242857142857,0.0143142857142857
"(2.35e+04,3.12e+04]",1617.39,4.863944,0.507688,0.127912,0.002128
"(3.12e+04,3.9e+04]",7151.94,0.775131524008351,0.048955114822547,0.0143152400835073,0.00103757828810021
